driver_number,driver_name,lap_number,stint_number,compound,duration_sector_1,duration_sector_2,duration_sector_3,i1_speed,i2_speed,lap_duration
27,HUL,11,2,SOFT,27.884,40.125,27.079,304.0,274,95.088
10,GAS,3,1,SOFT,33.591,50.412,40.456,235.0,219,124.459
40,RESERVE,9,3,SOFT,49.018,65.615,48.401,129.0,159,163.034
31,OCO,12,4,SOFT,37.125,51.447,43.004,204.0,172,131.576
24,ZHO,22,3,HARD,29.42,42.766,28.62,279.0,254,100.806
14,ALO,5,1,MEDIUM,49.868,67.748,38.414,265.0,216,156.03
20,MAG,21,3,HARD,29.431,43.263,28.47,284.0,258,101.164
4,NOR,5,1,MEDIUM,36.825,48.286,39.175,199.0,218,124.286
77,BOT,17,4,HARD,29.197,41.607,27.834,278.0,252,98.638
11,PER,7,1,HARD,28.33,40.766,27.251,307.0,276,96.347
81,PIA,15,4,SOFT,32.254,50.373,38.203,236.0,231,120.83
27,HUL,18,4,SOFT,51.971,50.68,44.038,238.0,198,146.689
27,HUL,15,4,SOFT,27.19,39.446,26.26,312.0,278,92.896
77,BOT,6,1,HARD,27.873,39.943,26.899,300.0,271,94.715
11,PER,5,1,HARD,45.101,69.165,53.107,131.0,121,167.373
16,LEC,24,5,MEDIUM,29.007,42.325,28.036,284.0,256,99.368
14,ALO,12,3,SOFT,35.875554819720385,53.208,36.995,165.0,246,406.001
2,SAR,3,1,MEDIUM,39.749,55.615,35.276,179.0,236,130.64
31,OCO,6,1,MEDIUM,28.412,40.656,27.385,301.0,271,96.453
23,ALB,5,1,HARD,44.139,61.061,45.344,202.0,177,150.544
10,GAS,9,3,SOFT,32.682,48.392,39.706,265.0,242,120.78
2,SAR,16,4,SOFT,58.318,48.638,41.829,252.29595222295953,235,148.785
2,SAR,22,5,MEDIUM,29.492,43.267,28.299,252.29595222295953,263,101.058
27,HUL,6,2,MEDIUM,65.697,46.615,38.545,277.0,198,150.857
16,LEC,19,6,SOFT,35.875554819720385,57.421,58.254,249.0,224,276.791
40,RESERVE,4,1,MEDIUM,50.015,61.763,37.433,100.0,242,149.211
22,TSU,18,3,SOFT,35.875554819720385,44.081,28.448,282.0,254,607.1
63,RUS,25,5,HARD,63.459,46.942,41.95,250.0,170,152.351
11,PER,14,3,SOFT,27.359,39.018,26.435,305.0,273,92.812
4,NOR,17,5,SOFT,31.705,47.613,39.951,216.0,210,119.269
1,VER,19,6,SOFT,44.004,49.307,33.867,183.0,191,127.178
1,VER,4,1,MEDIUM,27.828,39.802,26.571,306.0,271,94.201
23,ALB,10,2,SOFT,27.927,40.557,26.901,308.0,276,95.385
16,LEC,12,3,SOFT,44.69,68.746,52.812,142.0,136,166.248
24,ZHO,3,1,HARD,28.974,42.636,28.407,299.0,271,100.017
63,RUS,16,6,SOFT,26.785,38.406,25.865,308.0,277,91.056
16,LEC,15,4,SOFT,27.033,39.242,38.812,252.29595222295953,278,105.087
27,HUL,19,6,SOFT,35.875554819720385,63.337,36.052,231.0,228,272.158
81,PIA,18,4,MEDIUM,28.624,43.214,28.38,304.0,271,100.218
55,SAI,22,4,MEDIUM,29.046,42.043,27.736,285.0,255,98.825
10,GAS,20,3,HARD,29.101,42.125,27.909,286.0,257,99.135
24,ZHO,14,3,SOFT,27.267,39.605,26.703,306.0,275,93.575
10,GAS,4,1,HARD,28.033,40.196,26.997,302.0,272,95.226
77,BOT,14,2,MEDIUM,31.945,53.499,31.391,270.0,212,116.835
77,BOT,18,2,SOFT,29.159,42.872,36.065,287.0,254,108.096
40,RESERVE,25,3,SOFT,29.246,42.26,28.009,286.0,258,99.515
11,PER,11,3,SOFT,33.647,50.102,39.226,232.0,232,122.975
20,MAG,13,3,SOFT,27.233,39.405,26.504,309.0,278,93.142
14,ALO,2,1,MEDIUM,28.01,40.317,27.023,304.0,273,95.35
40,RESERVE,12,2,SOFT,42.03,64.231,44.807,143.0,239,151.068
27,HUL,5,1,HARD,43.237,63.668,41.914,200.0,143,148.819
44,HAM,5,2,SOFT,27.487,39.448,26.814,308.0,277,93.749
40,RESERVE,9,2,SOFT,35.875554819720385,64.704,37.52,273.0,229,598.757
63,RUS,8,1,MEDIUM,35.848,49.275,39.921,242.0,238,125.044
16,LEC,3,1,MEDIUM,54.176,75.713,45.446,136.0,140,175.335
10,GAS,6,1,MEDIUM,27.899,40.045,26.738,304.0,274,94.682
11,PER,23,4,MEDIUM,57.536,44.198,40.704,279.0,240,142.438
16,LEC,10,1,HARD,27.741,40.357,27.035,306.0,275,95.133
44,HAM,10,3,SOFT,35.875554819720385,68.14,56.172,148.0,186,841.488
1,VER,8,2,SOFT,35.875554819720385,55.652,35.827,221.0,227,786.876
77,BOT,8,2,SOFT,29.151,41.896,27.874,278.0,255,98.921
1,VER,16,5,SOFT,61.941,51.534,44.279,120.0,193,157.754
63,RUS,10,4,SOFT,35.875554819720385,53.823,45.369,268.0,243,276.836
10,GAS,3,1,MEDIUM,44.152,61.874,39.857,211.0,232,145.883
44,HAM,20,4,MEDIUM,28.933,42.173,32.586,291.0,263,103.692
40,RESERVE,17,3,MEDIUM,29.174,41.699,27.714,279.0,252,98.587
40,RESERVE,16,3,MEDIUM,29.333,41.932,27.844,278.0,253,99.109
11,PER,4,1,MEDIUM,27.769,39.622,26.637,306.0,273,94.028
81,PIA,19,4,MEDIUM,28.705,42.598,27.766,306.0,260,99.069
16,LEC,9,1,HARD,46.107,64.099,36.594,113.0,169,146.8
11,PER,7,3,MEDIUM,35.875554819720385,63.735,36.104,160.0,227,670.302
14,ALO,3,1,MEDIUM,39.264,58.95,34.246,168.0,244,132.46
77,BOT,9,2,SOFT,32.412,55.534,95.088,264.0,138,183.034
81,PIA,3,1,MEDIUM,42.816,60.305,38.799,168.0,152,141.92
22,TSU,7,3,SOFT,35.875554819720385,64.594,38.257,241.0,219,2161.906
63,RUS,14,5,SOFT,34.941,47.996,39.699,272.0,252,122.636
81,PIA,7,2,HARD,27.543,40.281,26.754,305.0,273,94.578
31,OCO,15,2,SOFT,45.806,68.216,48.749,116.0,113,162.771
40,RESERVE,21,3,SOFT,29.383,42.567,28.148,252.29595222295953,258,100.098
55,SAI,17,5,SOFT,33.179,45.481,38.16,246.0,233,116.82
4,NOR,7,2,MEDIUM,28.056,40.55,27.086,301.0,273,95.692
14,ALO,4,1,MEDIUM,27.601,39.905,26.559,307.0,276,94.065
22,TSU,6,1,MEDIUM,47.502,72.57,49.745,112.0,100,169.817
1,VER,20,3,MEDIUM,28.978,41.861,27.81,286.0,253,98.649
1,VER,10,3,SOFT,27.25,38.931,26.126,305.0,277,92.307
55,SAI,19,5,SOFT,27.166,68.197,42.833,310.0,151,138.196
40,RESERVE,19,3,SOFT,51.336,44.724,36.323,288.0,260,132.383
81,PIA,9,2,HARD,28.678,40.546,36.674,307.0,273,105.898
2,SAR,17,4,HARD,29.207,42.635,27.968,287.0,263,99.81
2,SAR,13,3,SOFT,57.982,68.235,44.774,247.0,241,170.991
22,TSU,12,4,SOFT,35.875554819720385,63.895,40.647,136.0,198,712.418
11,PER,12,2,SOFT,27.628,60.785,43.134,307.0,131,131.547
1,VER,10,3,MEDIUM,29.118,41.832,27.633,282.0,251,98.583
2,SAR,5,1,SOFT,27.688,39.783,26.665,308.0,277,94.136
2,SAR,9,2,SOFT,41.971,62.235,41.609,225.0,239,145.815
63,RUS,13,3,SOFT,35.875554819720385,59.887,31.572,227.0,248,390.021
31,OCO,3,1,SOFT,35.303,52.932,41.354,155.0,148,129.589
16,LEC,2,1,MEDIUM,27.991,40.327,27.1,307.0,275,95.418
27,HUL,14,4,MEDIUM,29.42,42.009,28.131,284.0,256,99.56
14,ALO,12,2,HARD,34.183,49.111,36.71,266.0,239,120.004
4,NOR,16,5,SOFT,26.876,38.738,25.925,310.0,279,91.539
16,LEC,22,5,SOFT,26.95,52.225,33.687,312.0,128,112.862
40,RESERVE,13,2,SOFT,35.875554819720385,61.919,46.611,252.0,239,550.13
44,HAM,15,5,SOFT,40.412,46.226,42.165,203.0,223,128.803
27,HUL,5,2,MEDIUM,27.73,40.192,26.797,313.0,280,94.719
18,STR,23,4,SOFT,29.02,42.635,27.727,294.0,266,99.382
1,VER,9,3,SOFT,35.875554819720385,49.283,29.216,219.0,241,2115.948
77,BOT,6,1,MEDIUM,28.431,41.327,27.58,300.0,270,97.338
10,GAS,9,2,SOFT,35.875554819720385,48.73,30.066,234.0,256,555.792
22,TSU,24,4,MEDIUM,28.981,42.083,27.701,285.0,262,98.765
77,BOT,23,3,SOFT,27.317,39.608,26.615,306.0,276,93.54
1,VER,20,6,SOFT,42.539,52.893,46.192,148.0,176,141.624
55,SAI,18,4,HARD,35.875554819720385,43.616,27.993,280.0,254,337.002
27,HUL,18,5,SOFT,31.157,44.695,37.2,273.0,235,113.052
81,PIA,7,2,SOFT,35.875554819720385,51.018,45.833,273.0,260,255.474
55,SAI,6,2,MEDIUM,77.624,49.666,42.651,239.0,252,169.941
81,PIA,6,1,SOFT,31.245,48.783,39.65,255.0,230,119.678
16,LEC,20,5,MEDIUM,28.761,41.63,27.7,285.0,257,98.091
31,OCO,21,3,HARD,29.227,42.394,28.179,284.0,256,99.8
20,MAG,20,6,SOFT,26.959,38.606,26.01,311.0,279,91.575
10,GAS,16,3,HARD,35.875554819720385,43.28,28.741,283.0,259,764.774
22,TSU,22,3,SOFT,29.1,42.51,27.828,284.0,257,99.438
31,OCO,9,1,MEDIUM,35.997,51.833,40.762,199.0,129,128.592
20,MAG,6,1,HARD,28.257,41.074,27.758,304.0,272,97.089
10,GAS,5,2,SOFT,27.394,39.003,26.055,309.0,277,92.452
11,PER,17,2,SOFT,27.493,39.583,26.649,306.0,275,93.725
20,MAG,15,3,SOFT,33.456,44.208,33.78,271.0,244,111.444
4,NOR,2,1,HARD,27.979,40.437,27.176,306.0,273,95.592
16,LEC,4,1,MEDIUM,34.63,62.812,30.947,144.0,156,128.389
20,MAG,5,1,MEDIUM,27.511,49.594,34.351,311.0,159,111.456
40,RESERVE,22,3,MEDIUM,29.173,42.422,29.006,286.0,257,100.601
24,ZHO,16,4,SOFT,35.875554819720385,43.772,36.373,284.0,254,515.941
10,GAS,12,2,SOFT,27.459,39.553,26.503,305.0,274,93.515
14,ALO,3,1,HARD,30.148,42.563,28.252,295.0,264,100.963
81,PIA,8,2,SOFT,35.875554819720385,54.345,36.809,279.0,247,802.647
20,MAG,21,3,SOFT,29.482,42.813,28.097,285.0,257,100.392
18,STR,24,4,SOFT,39.498,61.191,53.63,146.0,209,154.319
63,RUS,12,2,SOFT,45.007,59.95,35.237,238.0,160,140.194
44,HAM,9,2,HARD,27.792,40.435,38.462,307.0,276,106.689
40,RESERVE,3,1,HARD,29.255,43.049,28.621,302.0,270,100.925
40,RESERVE,20,3,MEDIUM,28.966,41.647,27.75,290.0,263,98.363
1,VER,14,3,HARD,35.875554819720385,43.448,28.034,261.0,249,495.238
24,ZHO,4,1,HARD,29.136,42.416,28.115,252.29595222295953,269,99.667
55,SAI,9,1,HARD,40.342,57.267,40.664,239.0,158,138.273
14,ALO,7,1,MEDIUM,27.834,39.641,26.519,308.0,273,93.994
40,RESERVE,6,1,HARD,40.026,62.45,50.341,260.0,199,152.817
16,LEC,5,1,MEDIUM,27.502,39.81,26.783,311.0,279,94.095
63,RUS,14,2,SOFT,31.475,44.789,37.35,273.0,253,113.614
2,SAR,11,2,SOFT,35.875554819720385,57.883,44.375,272.0,254,604.895
18,STR,21,3,MEDIUM,28.92,42.407,32.637,293.0,263,103.964
63,RUS,22,5,HARD,29.042,42.383,27.982,276.0,260,99.407
77,BOT,22,3,SOFT,45.19,61.673,39.848,212.0,200,146.711
1,VER,13,4,SOFT,35.875554819720385,51.608,32.068,266.0,238,805.972
10,GAS,9,1,HARD,32.672,47.51,37.911,216.0,250,118.093
16,LEC,8,1,MEDIUM,43.957,74.581,49.125,114.0,136,167.663
44,HAM,9,4,SOFT,35.875554819720385,53.643,50.527,255.0,243,247.672
4,NOR,12,3,SOFT,31.906,51.75,40.6,210.0,202,124.256
23,ALB,2,1,MEDIUM,28.654,42.196,28.265,305.0,275,99.115
20,MAG,17,3,HARD,29.139,42.542,28.098,252.29595222295953,256,99.779
1,VER,7,2,SOFT,35.875554819720385,68.429,78.466,222.0,229,307.404
11,PER,6,1,HARD,34.826,53.747,40.419,270.0,218,128.992
44,HAM,2,1,HARD,28.998,42.021,27.993,303.0,273,99.012
18,STR,4,1,SOFT,52.172,57.08,49.02,231.0,179,158.272
31,OCO,8,2,SOFT,35.875554819720385,58.554,36.169,205.0,254,823.288
81,PIA,12,2,SOFT,27.314,40.294,26.727,310.0,275,94.335
20,MAG,2,1,MEDIUM,27.576,39.773,26.769,311.0,278,94.118
10,GAS,8,1,HARD,27.819,40.238,26.933,302.0,272,94.99
55,SAI,5,1,MEDIUM,52.516,87.487,42.518,117.0,146,182.521
77,BOT,3,1,SOFT,41.08,56.474,38.738,189.0,182,136.292
27,HUL,20,6,SOFT,26.926,38.738,26.144,312.0,279,91.808
55,SAI,14,3,SOFT,79.039,55.133,35.469,164.0,246,169.641
11,PER,12,4,SOFT,35.875554819720385,63.74,47.138,274.0,238,488.785
77,BOT,11,2,MEDIUM,28.024,40.221,27.245,298.0,271,95.49
55,SAI,16,4,SOFT,27.135,38.76,26.17,311.0,278,92.065
27,HUL,12,3,SOFT,29.554,43.041,36.506,277.0,252,109.101
2,SAR,22,4,HARD,29.412,42.923,28.374,294.0,264,100.709
77,BOT,9,2,SOFT,27.424,39.306,26.504,307.0,275,93.234
20,MAG,25,3,SOFT,56.979,49.023,37.861,284.0,238,143.863
63,RUS,20,3,MEDIUM,28.875,41.915,27.81,252.29595222295953,260,98.6
77,BOT,22,4,HARD,29.384,42.767,28.281,302.0,255,100.432
2,SAR,6,2,MEDIUM,60.739,58.906,50.684,272.0,123,170.329
77,BOT,5,1,HARD,36.74,53.077,36.21,244.0,182,126.027
14,ALO,7,1,MEDIUM,39.447,57.362,46.947,239.0,210,143.756
81,PIA,5,1,MEDIUM,42.3,67.195,53.584,155.0,147,163.079
11,PER,20,5,SOFT,61.476,42.521,37.475,281.0,254,141.472
24,ZHO,24,5,MEDIUM,38.809,56.478,49.921,179.0,170,145.208
16,LEC,19,3,SOFT,49.541,70.56,43.588,138.0,114,163.689
44,HAM,7,3,SOFT,35.875554819720385,70.192,36.661,143.0,116,720.341
14,ALO,8,1,MEDIUM,35.762,53.454,43.027,222.0,245,132.243
1,VER,9,3,MEDIUM,29.034,41.618,27.533,285.0,256,98.185
20,MAG,14,3,SOFT,38.832,48.284,29.88,184.0,242,116.996
31,OCO,12,1,MEDIUM,35.946,46.461,37.463,193.0,254,119.87
31,OCO,22,3,SOFT,29.912,42.666,28.258,252.29595222295953,253,100.836
24,ZHO,19,4,SOFT,27.436,39.583,26.659,309.0,277,93.678
31,OCO,10,2,SOFT,35.875554819720385,56.74,33.322,201.0,245,835.389
4,NOR,4,1,MEDIUM,28.103,40.693,26.986,300.0,272,95.782
27,HUL,14,2,SOFT,31.864,45.678,38.407,283.0,198,115.949
24,ZHO,18,5,MEDIUM,29.22,42.136,28.021,279.0,255,99.377
16,LEC,15,3,MEDIUM,28.676,41.01,27.324,285.0,261,97.01
31,OCO,11,2,SOFT,43.302,63.057,42.9,156.0,147,149.259
24,ZHO,2,1,HARD,29.844,43.536,28.802,296.0,269,102.182
16,LEC,6,1,MEDIUM,48.721,74.792,50.833,120.0,125,174.346
20,MAG,9,3,SOFT,35.875554819720385,55.228,32.742,200.0,245,1204.673
63,RUS,2,1,SOFT,27.135,39.138,26.205,308.0,278,92.478
24,ZHO,4,1,SOFT,39.414,58.639,47.313,227.0,229,145.366
20,MAG,18,5,SOFT,31.453,45.259,36.996,263.0,247,113.708
18,STR,14,2,SOFT,27.227,45.488,38.567,309.0,207,111.282
20,MAG,8,2,SOFT,35.875554819720385,66.322,42.43,176.0,221,638.65
77,BOT,11,2,SOFT,41.609,62.679,44.191,229.0,198,148.479
22,TSU,18,4,SOFT,48.532,51.441,38.521,241.0,195,138.494
22,TSU,3,1,MEDIUM,46.856,64.641,40.519,135.0,128,152.016
11,PER,21,3,SOFT,29.205,53.899,49.383,287.0,201,132.487
31,OCO,5,1,HARD,46.186,64.047,42.818,126.0,216,153.051
14,ALO,21,4,MEDIUM,28.849,41.682,27.639,286.0,257,98.17
55,SAI,15,3,SOFT,36.436,62.344,39.498,179.0,237,138.278
77,BOT,21,3,MEDIUM,42.725,63.09,43.386,229.0,204,149.201
16,LEC,9,2,SOFT,51.086,65.166,49.898,136.0,132,166.15
22,TSU,15,2,SOFT,49.801,63.579,35.89,152.0,194,149.27
63,RUS,22,3,MEDIUM,28.886,41.913,27.801,289.0,262,98.6
1,VER,8,3,MEDIUM,29.075,41.986,27.698,282.0,256,98.759
4,NOR,5,1,HARD,40.941,56.201,44.29,145.0,161,141.432
10,GAS,12,3,SOFT,66.307,58.583,36.288,188.0,246,161.178
20,MAG,6,1,SOFT,31.511,45.65,72.203,264.0,246,149.364
31,OCO,9,1,MEDIUM,49.035,65.63,41.703,122.0,128,156.368
40,RESERVE,2,1,HARD,32.176,46.433,38.009,273.0,262,116.618
16,LEC,2,1,HARD,28.661,41.605,27.958,304.0,274,98.224
1,VER,5,1,SOFT,27.144,39.064,26.19,310.0,277,92.398
31,OCO,10,2,SOFT,46.488,66.492,49.615,141.0,122,162.595
10,GAS,10,2,SOFT,35.875554819720385,52.258,33.131,248.0,259,457.404
24,ZHO,23,3,HARD,30.246,43.377,28.583,282.0,260,102.206
31,OCO,25,3,HARD,54.288,42.932,47.814,290.0,259,145.034
20,MAG,4,1,SOFT,42.303,60.497,45.645,151.0,216,148.445
77,BOT,11,2,SOFT,29.242,42.097,28.176,277.0,255,99.515
63,RUS,2,1,MEDIUM,28.11,40.514,26.8,305.0,274,95.424
4,NOR,16,4,SOFT,31.515,47.054,50.241,227.0,209,128.81
27,HUL,18,3,HARD,29.175,42.868,28.114,286.0,259,100.157
10,GAS,11,2,SOFT,46.987,61.371,46.595,122.0,157,154.953
40,RESERVE,10,3,SOFT,27.672,39.297,26.554,302.0,272,93.523
24,ZHO,15,2,MEDIUM,36.741,57.371,38.09,257.0,221,132.202
18,STR,10,2,MEDIUM,27.457,40.476,26.856,309.0,275,94.789
22,TSU,19,4,MEDIUM,28.972,41.7,27.74,283.0,254,98.412
22,TSU,9,1,HARD,42.324,59.309,33.438,236.0,183,135.071
10,GAS,13,3,SOFT,27.906,67.601,48.734,302.0,106,144.241
18,STR,5,1,MEDIUM,42.785,60.163,39.763,192.0,180,142.711
81,PIA,2,1,HARD,28.17,40.904,27.056,305.0,273,96.13
16,LEC,6,1,HARD,28.046,40.358,27.279,307.0,276,95.683
16,LEC,9,2,MEDIUM,32.016,49.055,40.366,252.0,158,121.437
24,ZHO,2,1,SOFT,28.35,40.863,27.282,300.0,272,96.495
11,PER,3,1,SOFT,46.143,70.009,49.014,140.0,158,165.166
14,ALO,6,1,MEDIUM,36.739,70.059,40.591,147.0,204,147.389
18,STR,2,1,SOFT,27.634,49.005,36.318,311.0,225,112.957
20,MAG,13,4,SOFT,35.875554819720385,57.387,36.746,197.0,214,428.35
77,BOT,4,1,SOFT,39.618,59.176,48.678,237.0,225,147.472
18,STR,3,1,SOFT,27.472,39.859,26.573,306.0,277,93.904
10,GAS,13,2,SOFT,50.05,69.241,44.563,124.0,136,163.854
20,MAG,11,2,SOFT,48.614,64.35,34.53,156.0,191,147.494
77,BOT,2,1,SOFT,28.003,40.255,26.824,295.0,268,95.082
20,MAG,16,5,SOFT,35.875554819720385,55.137,30.268,177.0,248,507.523
11,PER,16,5,SOFT,77.914,77.642,34.677,122.0,125,190.233
20,MAG,2,1,HARD,28.927,41.877,28.149,305.0,272,98.953
23,ALB,19,4,MEDIUM,60.504,46.547,37.849,288.0,265,144.9
11,PER,8,1,HARD,40.307,64.906,39.26,193.0,155,144.473
31,OCO,13,2,SOFT,45.529,59.397,36.119,161.0,165,141.045
2,SAR,17,5,MEDIUM,28.912,41.86,27.71,252.29595222295953,263,98.482
18,STR,13,3,HARD,27.851,45.432,40.67,304.0,237,113.953
1,VER,15,3,MEDIUM,28.869,41.542,27.81,284.0,252,98.221
24,ZHO,8,1,MEDIUM,27.855,40.197,27.098,302.0,272,95.15
2,SAR,20,4,HARD,29.258,42.66,28.222,294.0,265,100.14
18,STR,9,2,MEDIUM,32.946,51.766,29.712,228.0,248,114.424
77,BOT,7,2,SOFT,35.875554819720385,50.155,42.855,266.0,218,235.989
16,LEC,13,4,SOFT,35.875554819720385,58.966,51.507,245.0,239,470.044
63,RUS,20,5,HARD,29.325,42.921,28.159,278.0,258,100.405
22,TSU,13,4,SOFT,27.536,39.161,26.327,302.0,272,93.024
40,RESERVE,15,3,SOFT,44.875,61.13,43.992,196.0,234,149.997
4,NOR,2,1,MEDIUM,27.789,39.827,26.645,304.0,273,94.261
77,BOT,14,2,SOFT,29.609,42.373,28.135,281.0,256,100.117
20,MAG,3,1,SOFT,45.321,63.848,41.799,135.0,216,150.968
22,TSU,10,2,SOFT,35.875554819720385,59.672,31.433,204.0,243,454.871
20,MAG,11,3,SOFT,46.433,69.652,45.463,135.0,130,161.548
55,SAI,4,1,MEDIUM,27.301,39.567,26.435,311.0,277,93.303
44,HAM,5,1,HARD,56.052,77.732,55.293,101.0,137,189.077
24,ZHO,10,3,SOFT,29.268,42.174,28.031,252.29595222295953,255,99.473
14,ALO,6,1,MEDIUM,27.402,39.707,26.68,309.0,273,93.789
1,VER,8,1,HARD,27.981,40.411,37.151,303.0,271,105.543
11,PER,13,4,SOFT,50.251,61.545,48.901,171.0,158,160.697
1,VER,12,4,SOFT,35.875554819720385,47.848,44.746,260.0,257,462.801
4,NOR,4,1,MEDIUM,27.519,39.787,26.628,305.0,273,93.934
20,MAG,19,6,SOFT,35.875554819720385,66.236,28.438,134.0,147,271.622
27,HUL,3,1,MEDIUM,39.605,60.382,43.4,188.0,159,143.387
14,ALO,19,4,SOFT,40.301,57.614,41.111,232.0,225,139.026
10,GAS,2,1,MEDIUM,44.628,65.084,31.303,146.0,191,141.015
31,OCO,11,4,SOFT,27.143,38.881,26.065,308.0,277,92.089
4,NOR,17,4,SOFT,28.821,41.384,27.634,278.0,256,97.839
31,OCO,4,1,MEDIUM,43.45,58.325,38.364,175.0,156,140.139
44,HAM,19,5,HARD,28.931,42.001,27.932,287.0,259,98.864
22,TSU,2,1,HARD,29.708,42.752,28.535,301.0,269,100.995
63,RUS,8,3,SOFT,26.966,38.657,26.12,307.0,277,91.743
23,ALB,2,1,SOFT,27.23,39.902,26.495,312.0,279,93.627
63,RUS,14,3,SOFT,27.162,65.176,50.074,306.0,131,142.412
22,TSU,13,2,SOFT,27.689,57.692,34.366,301.0,134,119.747
22,TSU,15,3,SOFT,27.468,39.514,26.495,305.0,273,93.477
27,HUL,4,2,MEDIUM,64.664,56.311,38.601,181.0,243,159.576
22,TSU,3,1,MEDIUM,46.233,70.99,44.568,126.0,131,161.791
11,PER,3,1,MEDIUM,46.715,64.551,54.788,137.0,135,166.054
16,LEC,3,1,MEDIUM,57.603,72.596,33.11,99.0,179,163.309
1,VER,18,6,SOFT,27.178,38.985,26.215,310.0,276,92.378
4,NOR,3,1,SOFT,47.299,64.773,44.397,138.0,140,156.469
77,BOT,18,4,HARD,29.255,41.897,27.897,279.0,253,99.049
10,GAS,8,1,MEDIUM,47.991,63.107,39.023,141.0,191,150.121
81,PIA,12,2,SOFT,42.442,66.116,40.191,158.0,209,148.749
23,ALB,8,3,SOFT,35.875554819720385,58.181,31.037,272.0,266,669.835
23,ALB,4,2,SOFT,35.875554819720385,52.95,38.52,296.0,275,265.982
77,BOT,5,1,SOFT,27.725,40.038,27.222,300.0,271,94.985
44,HAM,5,2,SOFT,27.427,38.935,44.618,310.0,278,110.98
44,HAM,7,2,HARD,27.967,40.516,27.088,304.0,275,95.571
10,GAS,16,3,SOFT,38.694,55.042,41.004,191.0,197,134.74
55,SAI,6,1,SOFT,34.771,46.52,38.923,244.0,223,120.214
22,TSU,3,1,SOFT,38.582,44.236,38.599,259.0,245,121.417
77,BOT,22,3,MEDIUM,28.048,40.554,27.12,301.0,271,95.722
4,NOR,11,3,SOFT,45.723,67.626,45.306,138.0,136,158.655
31,OCO,14,5,SOFT,27.252,39.1,26.212,308.0,277,92.564
77,BOT,13,2,MEDIUM,27.872,65.173,34.633,302.0,232,127.678
10,GAS,15,2,SOFT,27.47,39.477,26.404,306.0,274,93.351
40,RESERVE,3,1,SOFT,33.801,49.503,77.169,246.0,234,160.473
40,RESERVE,7,1,MEDIUM,27.665,39.809,26.632,305.0,275,94.106
27,HUL,2,1,MEDIUM,27.786,40.415,26.919,313.0,279,95.12
27,HUL,21,4,MEDIUM,29.321,42.572,43.204,282.0,256,115.097
55,SAI,22,5,SOFT,37.021,52.239,40.981,176.0,176,130.241
10,GAS,21,4,SOFT,28.886,41.889,27.973,252.29595222295953,257,98.748
55,SAI,5,1,MEDIUM,42.277,61.313,47.845,180.0,166,151.435
31,OCO,20,3,HARD,29.108,42.199,27.919,283.0,255,99.226
63,RUS,19,4,SOFT,36.16,49.418,58.555,261.0,253,144.133
4,NOR,19,4,HARD,51.74,41.867,27.569,287.0,261,121.176
16,LEC,11,3,SOFT,26.972,38.869,26.297,311.0,279,92.138
2,SAR,11,2,SOFT,27.746,40.483,26.712,308.0,276,94.941
27,HUL,6,1,HARD,28.27,40.959,27.413,305.0,273,96.642
18,STR,4,2,HARD,29.011,41.528,29.443,292.0,265,99.982
10,GAS,19,4,SOFT,35.875554819720385,50.423,28.287,283.0,260,653.289
11,PER,5,1,MEDIUM,44.259,74.056,49.832,142.0,115,168.147
63,RUS,5,2,SOFT,27.218,38.946,26.167,309.0,277,92.331
2,SAR,12,2,SOFT,33.196,61.066,44.499,240.0,255,138.761
63,RUS,3,1,MEDIUM,52.642,74.145,44.589,112.0,112,171.376
44,HAM,19,4,MEDIUM,28.946,41.939,28.088,294.0,263,98.973
31,OCO,10,1,MEDIUM,40.461,54.733,33.738,145.0,199,128.932
10,GAS,5,1,MEDIUM,38.045,54.386,38.358,185.0,224,130.789
2,SAR,16,4,HARD,35.875554819720385,43.498,28.307,288.0,264,568.627
27,HUL,16,4,SOFT,31.824,43.837,32.055,278.0,230,107.716
24,ZHO,2,1,SOFT,27.679,39.831,26.923,309.0,278,94.433
44,HAM,3,1,MEDIUM,57.414,77.368,53.899,97.0,153,188.681
4,NOR,13,3,SOFT,29.063,41.542,27.426,284.0,261,98.031
14,ALO,2,1,SOFT,36.755,55.589,37.059,254.0,248,129.403
24,ZHO,12,3,SOFT,29.368,42.401,28.144,282.0,257,99.913
22,TSU,17,4,MEDIUM,35.875554819720385,42.771,27.988,285.0,258,432.098
16,LEC,7,1,HARD,40.791,77.574,38.922,101.0,122,157.287
2,SAR,7,1,HARD,28.449,41.409,27.434,308.0,276,97.292
4,NOR,11,3,SOFT,27.033,38.921,25.997,312.0,278,91.951
81,PIA,11,2,SOFT,27.726,40.785,27.184,305.0,273,95.695
81,PIA,14,3,SOFT,35.875554819720385,42.066,35.708,285.0,259,468.652
27,HUL,17,5,SOFT,27.206,39.069,26.262,311.0,279,92.537
16,LEC,16,2,SOFT,53.42,68.836,53.556,107.0,146,175.812
14,ALO,15,3,HARD,28.142,41.533,27.48,252.29595222295953,272,97.155
55,SAI,2,1,HARD,28.93,42.094,27.975,303.0,271,98.999
11,PER,3,1,MEDIUM,47.376,69.837,37.721,146.0,114,154.934
20,MAG,19,3,SOFT,29.33,42.426,28.078,286.0,256,99.834
10,GAS,3,1,HARD,45.002,65.308,40.052,252.0,232,150.362
16,LEC,7,2,SOFT,35.875554819720385,49.206,56.032,278.0,252,255.224
55,SAI,24,4,HARD,53.537,51.012,46.822,290.0,141,151.371
40,RESERVE,10,1,HARD,45.033,64.228,36.265,197.0,234,145.526
24,ZHO,24,5,SOFT,49.69,54.385,42.673,292.0,212,146.748
31,OCO,16,3,HARD,29.243,42.148,28.144,278.0,251,99.535
22,TSU,7,1,MEDIUM,38.507,57.191,31.998,242.0,229,127.696
27,HUL,11,3,SOFT,27.141,38.998,26.209,313.0,280,92.348
77,BOT,10,2,SOFT,42.796,60.213,42.783,176.0,204,145.792
40,RESERVE,13,2,SOFT,27.47,39.3,27.552,305.0,272,94.322
40,RESERVE,14,5,SOFT,27.298,38.716,26.152,307.0,276,92.166
55,SAI,18,6,SOFT,35.875554819720385,55.206,50.41,288.0,258,264.483
55,SAI,20,4,HARD,28.872,42.178,31.936,284.0,258,102.986
11,PER,7,2,SOFT,27.042,38.814,26.243,310.0,278,92.099
10,GAS,20,4,SOFT,28.873,41.641,27.933,285.0,259,98.447
44,HAM,14,4,MEDIUM,29.102,41.772,27.548,252.29595222295953,258,98.422
1,VER,18,3,MEDIUM,29.003,41.82,27.744,285.0,252,98.567
24,ZHO,3,1,SOFT,42.936,58.852,39.026,161.0,184,140.814
4,NOR,9,3,SOFT,35.875554819720385,52.034,45.147,256.0,168,630.151
27,HUL,13,4,SOFT,43.156,62.879,42.0,144.0,148,148.035
1,VER,10,2,SOFT,27.614,71.197,48.444,307.0,116,147.255
14,ALO,15,3,SOFT,27.328,39.5,26.382,309.0,275,93.21
55,SAI,12,3,SOFT,28.858,55.245,49.572,259.0,120,133.675
40,RESERVE,14,2,SOFT,43.983,61.715,41.428,156.0,138,147.126
31,OCO,2,1,MEDIUM,27.972,40.272,26.908,305.0,273,95.152
81,PIA,5,1,MEDIUM,40.617,64.263,41.713,155.0,98,146.593
40,RESERVE,12,1,HARD,35.528,45.779,36.412,276.0,264,117.719
18,STR,11,3,HARD,47.258,59.92,34.805,97.0,219,141.983
40,RESERVE,27,3,MEDIUM,50.738,48.117,41.824,263.0,246,140.679
81,PIA,4,1,SOFT,41.71,57.505,37.329,221.0,212,136.544
2,SAR,4,1,MEDIUM,27.435,40.389,27.1,311.0,280,94.924
23,ALB,3,1,SOFT,41.784,63.286,43.351,239.0,191,148.421
24,ZHO,22,5,MEDIUM,29.38,42.799,28.254,279.0,254,100.433
1,VER,6,2,MEDIUM,33.438,47.212,37.492,235.0,220,118.142
2,SAR,24,4,HARD,65.822,50.813,44.338,239.0,254,160.973
23,ALB,3,1,HARD,40.305,61.782,41.486,244.0,252,143.573
44,HAM,17,6,SOFT,31.926,54.295,55.611,195.0,110,141.832
81,PIA,5,1,SOFT,27.161,39.509,26.397,311.0,279,93.067
16,LEC,24,5,SOFT,38.561,56.723,56.616,183.0,160,151.9
11,PER,18,2,SOFT,31.991,59.976,39.409,218.0,230,131.376
10,GAS,15,2,SOFT,31.569,54.183,37.025,245.0,255,122.777
23,ALB,2,1,HARD,28.311,41.108,27.261,308.0,276,96.68
10,GAS,7,1,MEDIUM,28.062,40.745,27.391,302.0,270,96.198
20,MAG,14,3,SOFT,35.875554819720385,43.526,28.716,277.0,250,450.002
40,RESERVE,11,1,HARD,28.213,40.857,27.266,302.0,271,96.336
23,ALB,5,1,MEDIUM,39.277,62.425,34.203,240.0,179,135.905
44,HAM,9,3,SOFT,54.283,90.105,54.77,96.0,124,199.158
18,STR,6,1,SOFT,30.25,43.468,69.768,280.0,253,143.486
22,TSU,23,3,SOFT,29.062,44.987,28.423,282.0,256,102.472
40,RESERVE,18,2,SOFT,27.91,40.098,26.886,301.0,272,94.894
2,SAR,9,1,HARD,28.202,41.186,27.596,309.0,276,96.984
81,PIA,20,4,MEDIUM,28.877,49.429,27.966,308.0,263,106.272
4,NOR,21,4,SOFT,28.533,41.766,27.787,252.29595222295953,260,98.086
55,SAI,7,2,SOFT,35.875554819720385,49.338,56.302,280.0,260,257.491
44,HAM,11,3,SOFT,27.271,62.726,44.804,307.0,195,134.801
55,SAI,22,4,HARD,28.686,42.089,27.737,290.0,262,98.512
40,RESERVE,3,1,MEDIUM,44.669,69.264,47.257,151.0,154,161.19
11,PER,8,1,MEDIUM,27.585,39.605,26.66,306.0,274,93.85
14,ALO,27,4,SOFT,38.381,51.119,40.597,193.0,175,130.097
44,HAM,11,4,SOFT,27.317,39.035,26.183,306.0,275,92.535
1,VER,22,3,HARD,61.547,51.923,41.975,234.0,191,155.445
18,STR,13,2,MEDIUM,32.604,43.256,37.026,270.0,251,112.886
27,HUL,11,4,SOFT,35.875554819720385,52.483,38.46,201.0,238,1268.68
2,SAR,8,2,SOFT,27.49,39.668,26.55,308.0,277,93.708
20,MAG,4,1,MEDIUM,27.627,40.586,26.815,306.0,273,95.028
40,RESERVE,24,3,MEDIUM,29.303,42.202,28.058,285.0,256,99.563
27,HUL,10,3,SOFT,46.86,61.257,35.036,145.0,99,143.153
44,HAM,15,6,SOFT,26.924,38.599,25.962,309.0,277,91.485
16,LEC,17,5,MEDIUM,28.993,41.415,27.714,284.0,257,98.122
14,ALO,14,3,HARD,28.512,48.225,42.314,306.0,247,119.051
14,ALO,21,4,SOFT,35.46,50.911,31.871,265.0,236,118.242
16,LEC,27,5,MEDIUM,55.009,47.267,38.812,239.0,221,141.088
31,OCO,2,1,SOFT,27.265,39.296,26.35,306.0,276,92.911
27,HUL,13,4,MEDIUM,35.875554819720385,43.337,28.339,282.0,254,403.734
40,RESERVE,10,2,SOFT,27.57,39.254,26.461,303.0,272,93.285
1,VER,18,3,HARD,29.119,48.339,31.059,288.0,255,108.517
18,STR,6,1,MEDIUM,27.613,40.247,26.778,306.0,274,94.638
24,ZHO,12,2,MEDIUM,39.568,56.464,49.678,239.0,243,145.71
40,RESERVE,11,3,SOFT,44.815,68.399,43.274,140.0,163,156.488
16,LEC,6,1,SOFT,31.031,47.106,39.536,244.0,232,117.673
24,ZHO,16,2,MEDIUM,28.128,40.615,27.42,301.0,272,96.163
14,ALO,26,4,SOFT,28.437,41.365,27.581,291.0,265,97.383
1,VER,17,3,MEDIUM,29.028,41.597,27.705,287.0,254,98.33
20,MAG,5,1,SOFT,27.174,39.477,26.387,312.0,279,93.038
22,TSU,15,4,SOFT,56.457,68.296,35.942,140.0,203,160.695
31,OCO,18,3,HARD,29.269,42.086,27.844,281.0,254,99.199
44,HAM,6,2,SOFT,37.136,60.162,48.456,220.0,155,145.754
16,LEC,21,5,MEDIUM,28.842,41.655,28.386,284.0,256,98.883
44,HAM,14,4,SOFT,27.474,39.575,26.491,303.0,275,93.54
31,OCO,3,1,MEDIUM,43.814,63.072,48.483,146.0,136,155.369
81,PIA,8,1,MEDIUM,28.152,40.987,27.217,307.0,274,96.356
20,MAG,17,3,SOFT,29.482,42.341,28.087,281.0,254,99.91
16,LEC,4,1,HARD,28.144,40.735,27.489,306.0,275,96.368
81,PIA,17,5,SOFT,38.422,51.42,56.596,277.0,244,146.438
55,SAI,23,4,HARD,34.049,55.419,47.421,205.0,166,136.889
31,OCO,7,1,HARD,38.736,54.385,44.129,187.0,217,137.25
55,SAI,8,1,HARD,27.806,40.583,27.204,307.0,275,95.593
63,RUS,18,4,SOFT,35.958,51.647,41.48,194.0,205,129.085
77,BOT,4,1,MEDIUM,28.704,41.645,27.764,300.0,271,98.113
14,ALO,22,4,MEDIUM,28.818,41.835,27.593,290.0,260,98.246
55,SAI,4,1,HARD,28.172,40.688,27.268,306.0,274,96.128
1,VER,20,3,HARD,28.966,42.413,27.877,288.0,255,99.256
27,HUL,20,4,MEDIUM,29.335,42.392,28.017,284.0,255,99.744
2,SAR,4,2,SOFT,69.734,57.902,37.203,278.0,272,164.839
23,ALB,13,5,SOFT,35.875554819720385,55.55,28.853,238.0,257,654.715
4,NOR,2,1,MEDIUM,28.646,41.804,27.445,303.0,273,97.895
27,HUL,3,1,HARD,42.111,61.826,36.568,174.0,248,140.505
27,HUL,12,4,SOFT,27.334,39.327,26.3,312.0,279,92.961
44,HAM,22,4,MEDIUM,40.854,51.752,44.125,170.0,181,136.731
81,PIA,16,4,MEDIUM,28.742,42.201,27.91,283.0,259,98.853
55,SAI,10,3,MEDIUM,35.875554819720385,50.955,31.258,262.0,251,651.928
24,ZHO,17,2,MEDIUM,32.616,51.965,39.91,261.0,243,124.491
23,ALB,8,1,MEDIUM,27.944,43.492,39.502,307.0,211,110.938
31,OCO,14,2,SOFT,27.441,39.638,26.567,306.0,276,93.646
11,PER,3,1,HARD,42.318,58.349,42.878,120.0,232,143.545
81,PIA,17,4,MEDIUM,29.021,43.254,27.994,282.0,259,100.269
77,BOT,14,3,SOFT,35.875554819720385,43.485,35.126,278.0,253,597.2
20,MAG,20,3,HARD,29.061,42.647,28.204,286.0,259,99.912
31,OCO,12,2,SOFT,27.599,39.83,26.806,305.0,272,94.235
77,BOT,7,1,HARD,32.055,50.888,39.052,271.0,167,121.995
24,ZHO,6,1,SOFT,33.489,45.555,38.723,258.0,247,117.767
31,OCO,8,1,MEDIUM,27.858,39.735,26.538,305.0,274,94.131
2,SAR,18,5,MEDIUM,28.949,42.369,28.127,291.0,263,99.445
11,PER,8,3,MEDIUM,27.789,40.005,26.704,307.0,276,94.498
81,PIA,21,4,MEDIUM,28.984,42.63,27.953,284.0,258,99.567
24,ZHO,6,1,HARD,28.736,41.429,27.83,300.0,271,97.995
4,NOR,6,2,MEDIUM,35.875554819720385,52.035,37.458,221.0,215,457.049
18,STR,2,1,HARD,29.732,50.693,39.011,304.0,199,119.436
20,MAG,23,3,SOFT,29.543,42.652,28.125,284.0,255,100.32
11,PER,6,1,MEDIUM,27.672,46.865,49.117,308.0,104,123.654
11,PER,13,3,SOFT,77.729,76.635,34.451,126.0,126,188.815
14,ALO,12,2,SOFT,27.087,39.156,26.235,309.0,272,92.478
2,SAR,28,5,MEDIUM,58.862,55.733,45.704,286.0,248,160.299
24,ZHO,7,3,SOFT,35.875554819720385,49.946,40.954,280.0,263,469.189
11,PER,20,3,SOFT,29.053,42.091,27.9,284.0,256,99.044
81,PIA,2,1,MEDIUM,29.246,42.914,27.854,303.0,273,100.014
44,HAM,10,4,SOFT,27.102,48.236,47.144,309.0,197,122.482
63,RUS,20,4,SOFT,59.509,57.99,39.837,277.0,212,157.336
44,HAM,17,5,HARD,29.309,43.123,27.998,275.0,259,100.43
63,RUS,15,3,SOFT,42.891,57.561,35.824,255.0,239,136.276
55,SAI,4,1,MEDIUM,27.643,39.673,26.462,310.0,278,93.778
23,ALB,7,1,MEDIUM,43.212,58.415,35.923,125.0,252,137.55
27,HUL,3,1,MEDIUM,49.174,65.158,39.755,134.0,135,154.087
16,LEC,2,1,SOFT,27.262,39.04,26.221,311.0,280,92.523
77,BOT,8,1,MEDIUM,28.402,40.968,27.618,302.0,272,96.988
27,HUL,13,4,SOFT,35.875554819720385,53.364,41.35,288.0,236,434.82
14,ALO,11,2,HARD,27.934,40.724,27.146,304.0,272,95.804
44,HAM,3,1,SOFT,58.941,73.564,55.613,116.0,134,188.118
14,ALO,24,4,SOFT,28.339,43.478,27.427,291.0,264,99.244
44,HAM,4,2,SOFT,76.417,71.987,37.47,146.0,172,185.874
18,STR,13,2,SOFT,45.323,64.2,48.839,238.0,227,158.362
11,PER,19,5,SOFT,32.624,57.797,45.049,241.0,175,135.47
4,NOR,12,3,SOFT,34.672,57.669,39.992,147.0,238,132.333
2,SAR,7,2,SOFT,35.875554819720385,55.466,36.621,301.0,271,646.414
22,TSU,5,1,MEDIUM,27.872,39.846,26.725,305.0,273,94.443
77,BOT,2,1,SOFT,27.936,39.407,26.447,307.0,277,93.79
40,RESERVE,12,4,SOFT,35.931,51.62,40.329,235.0,234,127.88
18,STR,3,1,MEDIUM,45.301,64.791,37.62,110.0,233,147.712
55,SAI,5,1,HARD,47.031,70.345,42.538,141.0,149,159.914
4,NOR,15,5,SOFT,35.875554819720385,52.417,41.325,279.0,247,542.58
55,SAI,6,1,HARD,28.09,40.383,27.245,304.0,274,95.718
16,LEC,25,5,SOFT,46.023,49.359,43.709,299.0,202,139.091
4,NOR,17,4,SOFT,60.919,47.059,45.975,281.0,221,153.953
77,BOT,8,2,SOFT,35.875554819720385,54.484,43.2,247.0,233,748.306
27,HUL,6,2,MEDIUM,42.556,62.315,36.624,158.0,151,141.495
27,HUL,12,2,SOFT,44.712,60.853,36.933,158.0,137,142.498
2,SAR,6,2,SOFT,31.533,54.816,38.453,286.0,213,124.802
10,GAS,8,1,MEDIUM,37.554,51.522,38.214,200.0,238,127.29
4,NOR,22,4,SOFT,28.722,42.652,27.686,288.0,260,99.06
18,STR,6,2,HARD,43.448,66.692,33.718,160.0,72,143.858
23,ALB,7,2,SOFT,58.795,45.409,37.613,245.0,261,141.817
10,GAS,4,2,SOFT,35.875554819720385,61.164,61.235,178.0,254,295.003
27,HUL,2,1,MEDIUM,28.072,40.641,27.062,306.0,274,95.775
55,SAI,8,2,SOFT,27.32,38.601,37.941,315.0,281,103.862
16,LEC,4,1,SOFT,44.96,61.393,38.177,198.0,184,144.53
44,HAM,15,4,MEDIUM,28.952,41.647,27.592,285.0,260,98.191
10,GAS,22,3,HARD,29.066,42.476,28.049,285.0,256,99.591
40,RESERVE,14,2,SOFT,28.201,60.187,45.708,302.0,199,134.096
18,STR,21,4,SOFT,28.328,41.821,27.508,289.0,262,97.657
23,ALB,4,1,SOFT,42.437,63.565,38.555,271.0,222,144.557
1,VER,4,2,MEDIUM,59.276,48.608,29.64,228.0,248,137.524
4,NOR,10,2,SOFT,27.028,39.227,26.456,308.0,274,92.711
11,PER,4,2,MEDIUM,67.34,60.228,32.256,241.0,214,159.824
27,HUL,8,2,SOFT,27.024,38.815,26.261,313.0,280,92.1
55,SAI,18,5,SOFT,73.493,60.227,38.0,127.0,229,171.72
40,RESERVE,19,7,SOFT,35.875554819720385,60.0,53.509,241.0,203,262.001
44,HAM,13,5,SOFT,32.763,46.218,39.053,241.0,204,118.034
31,OCO,8,3,SOFT,27.221,38.989,26.068,308.0,277,92.278
2,SAR,14,4,SOFT,35.875554819720385,49.286,35.329,211.0,250,481.741
40,RESERVE,2,1,SOFT,27.57,39.348,26.683,306.0,276,93.601
63,RUS,19,5,HARD,35.875554819720385,47.895,28.811,256.0,245,486.029
2,SAR,9,3,SOFT,35.875554819720385,63.955,31.551,301.0,261,557.056
22,TSU,11,3,MEDIUM,46.475,45.429,36.647,280.0,243,128.551
14,ALO,10,4,SOFT,35.875554819720385,63.233,47.26,257.0,252,392.752
4,NOR,12,3,SOFT,44.795,63.731,37.301,180.0,159,145.827
81,PIA,4,1,MEDIUM,28.535,41.72,27.461,304.0,273,97.716
1,VER,11,2,SOFT,54.532,64.031,32.521,131.0,222,151.084
1,VER,17,3,HARD,29.044,42.469,27.726,287.0,257,99.239
55,SAI,21,5,SOFT,33.669,56.259,35.613,208.0,153,125.541
31,OCO,14,3,HARD,35.875554819720385,43.603,28.501,279.0,259,427.868
4,NOR,3,1,MEDIUM,48.938,66.433,38.078,101.0,145,153.449
63,RUS,9,3,SOFT,37.282,53.411,42.012,245.0,239,132.705
24,ZHO,13,2,MEDIUM,27.855,49.665,32.746,302.0,221,110.266
22,TSU,14,2,SOFT,27.635,67.683,51.255,304.0,118,146.573
20,MAG,15,4,SOFT,40.506,48.85,42.356,263.0,246,131.712
40,RESERVE,13,3,SOFT,27.665,39.246,26.505,307.0,276,93.416
1,VER,19,3,HARD,29.052,42.282,27.694,286.0,257,99.028
63,RUS,12,2,HARD,33.21,54.147,43.539,179.0,159,130.896
23,ALB,11,4,SOFT,68.561,70.943,38.766,262.0,194,178.27
4,NOR,11,3,SOFT,35.875554819720385,54.049,36.013,250.0,197,767.65
31,OCO,7,1,MEDIUM,47.043,62.158,32.507,151.0,180,141.708
55,SAI,5,1,SOFT,27.074,39.093,26.172,315.0,280,92.339
2,SAR,2,1,SOFT,27.908,40.134,26.787,308.0,277,94.829
1,VER,7,1,HARD,48.732,74.292,41.926,144.0,199,164.95
81,PIA,6,2,HARD,35.875554819720385,46.352,29.856,291.0,259,652.379
81,PIA,4,1,MEDIUM,27.982,40.443,26.779,306.0,273,95.204
63,RUS,15,3,SOFT,53.019,78.135,56.968,89.0,127,188.122
55,SAI,20,4,MEDIUM,28.917,42.364,29.265,287.0,256,100.546
14,ALO,16,3,HARD,30.358,43.068,38.198,273.0,255,111.624
1,VER,16,3,HARD,29.135,42.512,27.793,286.0,258,99.44
63,RUS,9,1,SOFT,34.042,49.923,38.503,238.0,250,122.468
63,RUS,2,1,SOFT,27.707,39.741,26.646,304.0,275,94.094
77,BOT,13,2,SOFT,33.792,47.636,41.272,266.0,243,122.7
4,NOR,19,6,SOFT,26.756,38.666,25.848,310.0,278,91.27
10,GAS,23,4,SOFT,55.641,43.632,39.793,286.0,260,139.066
2,SAR,5,2,SOFT,27.245,39.711,26.615,312.0,279,93.571
27,HUL,2,1,HARD,28.875,41.692,28.542,305.0,273,99.109
20,MAG,10,3,SOFT,27.26,39.36,26.35,313.0,280,92.97
16,LEC,21,4,HARD,35.875554819720385,47.121,28.799,288.0,264,308.52
14,ALO,16,3,SOFT,40.358,52.854,31.348,217.0,203,124.56
31,OCO,14,2,SOFT,27.545,39.826,26.907,302.0,270,94.278
81,PIA,11,3,SOFT,27.171,39.341,26.218,310.0,277,92.73
31,OCO,4,1,MEDIUM,28.663,41.129,27.602,300.0,271,97.394
4,NOR,13,3,SOFT,27.094,39.365,26.126,305.0,264,92.585
18,STR,7,2,SOFT,35.875554819720385,45.522,41.871,283.0,242,233.348
22,TSU,10,1,HARD,28.018,40.636,27.128,303.0,272,95.782
2,SAR,11,3,SOFT,42.976,59.312,34.164,175.0,242,136.452
40,RESERVE,26,3,SOFT,39.481,59.632,52.446,138.0,239,151.559
11,PER,11,2,SOFT,27.279,39.21,26.472,307.0,273,92.961
4,NOR,7,2,MEDIUM,27.393,39.756,26.627,306.0,274,93.776
77,BOT,12,2,SOFT,32.047,43.293,28.352,281.0,254,103.692
2,SAR,9,3,SOFT,44.937,49.241,49.9,119.0,247,144.078
77,BOT,3,1,HARD,36.063,48.952,38.58,243.0,226,123.595
14,ALO,7,3,SOFT,35.875554819720385,61.749,35.528,282.0,240,2173.992
24,ZHO,23,5,MEDIUM,29.391,42.848,28.281,286.0,254,100.52
20,MAG,14,3,HARD,35.875554819720385,45.847,28.473,277.0,255,431.56
10,GAS,9,1,MEDIUM,27.851,40.402,27.033,305.0,274,95.286
4,NOR,23,4,HARD,55.751,45.531,38.555,284.0,226,139.837
44,HAM,3,1,SOFT,39.833,55.049,47.624,223.0,218,142.506
77,BOT,12,2,MEDIUM,36.94,53.617,34.609,229.0,226,125.166
31,OCO,22,3,HARD,29.184,42.438,28.096,252.29595222295953,256,99.718
24,ZHO,23,5,SOFT,35.786,53.938,40.669,184.0,186,130.393
18,STR,11,2,SOFT,44.779,75.47,51.894,138.0,206,172.143
16,LEC,8,2,MEDIUM,27.154,39.447,26.373,309.0,278,92.974
77,BOT,2,1,HARD,28.253,40.459,27.271,301.0,272,95.983
40,RESERVE,6,2,SOFT,31.637,44.497,37.894,263.0,243,114.028
16,LEC,5,1,HARD,54.989,74.507,44.508,109.0,70,174.004
77,BOT,16,2,SOFT,29.286,42.479,27.873,277.0,255,99.638
18,STR,10,3,HARD,27.921,41.056,27.189,305.0,273,96.166
18,STR,19,3,MEDIUM,28.935,42.441,30.96,293.0,261,102.336
40,RESERVE,23,3,MEDIUM,29.351,42.251,28.064,287.0,257,99.666
27,HUL,10,3,MEDIUM,31.821,45.791,37.334,278.0,198,114.946
44,HAM,12,5,SOFT,27.01,38.764,26.136,309.0,278,91.91
20,MAG,3,1,HARD,43.604,68.03,44.562,151.0,144,156.196
44,HAM,13,4,MEDIUM,29.037,41.708,27.79,279.0,253,98.535
27,HUL,18,4,MEDIUM,29.493,42.465,28.424,283.0,254,100.382
77,BOT,5,1,SOFT,27.338,39.651,26.664,307.0,277,93.653
11,PER,6,2,SOFT,35.875554819720385,62.498,54.509,205.0,232,312.597
77,BOT,23,4,HARD,36.924,51.863,41.022,198.0,167,129.809
4,NOR,15,3,SOFT,27.445,39.639,39.906,302.0,267,106.99
11,PER,8,2,SOFT,34.473,68.94,51.083,130.0,175,154.496
20,MAG,15,3,SOFT,29.609,42.895,28.535,286.0,257,101.039
1,VER,11,3,SOFT,36.515,47.587,36.802,251.0,231,120.904
77,BOT,20,3,MEDIUM,28.141,40.812,27.788,301.0,263,96.741
10,GAS,11,2,SOFT,27.538,39.692,26.594,305.0,274,93.824
11,PER,19,4,MEDIUM,28.857,41.742,27.683,289.0,257,98.282
44,HAM,8,2,HARD,45.998,74.068,45.247,159.0,84,165.313
20,MAG,2,1,MEDIUM,28.226,40.233,26.986,306.0,275,95.445
40,RESERVE,6,1,MEDIUM,42.043,67.719,38.107,246.0,202,147.869
18,STR,20,4,SOFT,27.966,45.904,41.042,292.0,203,114.912
63,RUS,6,2,HARD,28.08,41.444,27.44,299.0,272,96.964
20,MAG,7,1,MEDIUM,32.474,50.083,39.821,266.0,188,122.378
14,ALO,7,2,HARD,35.875554819720385,49.157,34.199,279.0,249,542.322
1,VER,4,1,SOFT,42.243,52.971,42.236,180.0,234,137.45
63,RUS,13,5,SOFT,26.872,38.787,26.141,307.0,277,91.8
16,LEC,18,3,SOFT,27.187,39.854,26.414,308.0,276,93.455
2,SAR,15,4,SOFT,40.617,52.234,40.912,240.0,245,133.763
63,RUS,24,3,MEDIUM,37.086,57.385,54.812,189.0,229,149.283
27,HUL,3,1,SOFT,45.997,60.921,38.118,147.0,195,145.036
4,NOR,15,4,SOFT,35.875554819720385,42.949,26.829,282.0,264,571.521
22,TSU,16,3,SOFT,33.577,47.002,38.641,263.0,215,119.22
40,RESERVE,16,6,SOFT,35.875554819720385,60.237,46.84,264.0,203,518.635
16,LEC,10,2,MEDIUM,63.671,56.352,29.67,205.0,224,149.693
18,STR,21,5,SOFT,35.875554819720385,46.458,29.528,256.0,249,297.171
63,RUS,15,6,SOFT,35.875554819720385,58.979,38.086,262.0,224,263.746
18,STR,3,2,HARD,35.875554819720385,44.804,30.563,300.0,257,839.654
20,MAG,16,3,SOFT,29.4,42.205,28.224,283.0,255,99.829
22,TSU,20,4,MEDIUM,29.01,41.774,27.873,281.0,253,98.657
2,SAR,27,5,MEDIUM,37.236,57.797,49.007,240.0,140,144.04
1,VER,12,2,SOFT,27.37,43.022,36.87,305.0,244,107.262
63,RUS,9,2,SOFT,35.875554819720385,51.876,35.132,256.0,253,756.099
4,NOR,10,3,SOFT,35.875554819720385,52.858,42.148,280.0,247,2030.401
55,SAI,19,4,HARD,28.817,41.758,27.821,283.0,258,98.396
16,LEC,8,2,SOFT,27.257,39.126,34.371,317.0,282,100.754
27,HUL,9,3,MEDIUM,27.898,40.07,26.761,307.0,276,94.729
14,ALO,16,6,SOFT,26.915,38.791,25.909,309.0,277,91.615
1,VER,12,3,MEDIUM,32.01,45.322,37.893,260.0,232,115.225
77,BOT,8,2,SOFT,27.239,39.211,26.359,308.0,277,92.809
40,RESERVE,9,1,HARD,28.583,41.133,27.399,303.0,272,97.115
2,SAR,19,4,HARD,29.457,43.855,28.102,295.0,266,101.414
27,HUL,21,3,HARD,29.286,42.851,35.844,291.0,260,107.981
55,SAI,12,2,SOFT,27.472,39.685,26.787,309.0,278,93.944
18,STR,3,1,MEDIUM,40.283,58.54,35.435,213.0,203,134.258
10,GAS,11,2,SOFT,35.875554819720385,55.913,31.006,160.0,234,1042.984
31,OCO,16,2,SOFT,42.071,61.363,49.286,154.0,128,152.72
20,MAG,12,2,SOFT,27.714,40.098,27.075,304.0,273,94.887
2,SAR,3,1,HARD,29.148,41.972,28.04,309.0,276,99.16
16,LEC,10,3,SOFT,35.875554819720385,49.484,41.618,237.0,225,2020.432
4,NOR,23,4,SOFT,33.644,49.936,41.842,235.0,210,125.422
55,SAI,10,2,SOFT,42.686,59.335,51.84,204.0,154,153.861
63,RUS,6,1,SOFT,51.586,71.41,44.009,108.0,224,167.005
10,GAS,5,1,HARD,54.744,74.551,38.214,126.0,215,167.509
44,HAM,10,3,SOFT,58.974,71.792,37.237,132.0,188,168.003
14,ALO,14,3,SOFT,35.875554819720385,43.566,35.87,271.0,248,523.488
11,PER,12,2,SOFT,41.982,69.296,52.995,155.0,121,164.273
4,NOR,13,4,SOFT,35.875554819720385,63.52,48.68,269.0,230,490.552
55,SAI,2,1,MEDIUM,27.926,40.189,26.9,306.0,275,95.015
11,PER,20,4,MEDIUM,28.744,41.657,27.648,252.29595222295953,260,98.049
4,NOR,14,3,SOFT,28.72,41.67,27.489,286.0,261,97.879
22,TSU,13,2,SOFT,46.203,65.277,56.112,145.0,125,167.592
1,VER,11,3,MEDIUM,29.091,41.655,27.678,278.0,256,98.424
14,ALO,28,4,SOFT,63.836,49.337,40.971,297.0,192,154.144
2,SAR,2,1,HARD,29.329,43.714,28.929,306.0,275,101.972
31,OCO,15,2,SOFT,35.047,54.645,37.949,197.0,241,127.641
22,TSU,20,3,SOFT,29.189,42.537,28.101,252.29595222295953,255,99.827
18,STR,5,1,SOFT,27.33,39.549,26.518,311.0,278,93.397
31,OCO,18,4,MEDIUM,33.882,47.965,36.708,217.0,209,118.555
63,RUS,23,3,MEDIUM,29.198,42.096,27.844,291.0,262,99.138
44,HAM,7,3,SOFT,27.095,38.911,26.013,307.0,276,92.019
11,PER,15,4,SOFT,45.779,67.934,54.258,122.0,112,167.971
14,ALO,16,4,MEDIUM,28.78,41.429,27.66,252.29595222295953,261,97.869
81,PIA,12,3,SOFT,40.131,64.88,45.239,175.0,182,150.25
31,OCO,21,3,SOFT,29.319,42.419,28.071,281.0,255,99.809
2,SAR,5,1,MEDIUM,38.057,59.851,38.188,263.0,248,136.096
20,MAG,18,3,SOFT,29.151,42.568,28.169,287.0,258,99.888
22,TSU,5,2,SOFT,27.177,38.747,26.067,306.0,275,91.991
2,SAR,3,1,SOFT,47.261,67.298,41.298,156.0,217,155.857
81,PIA,17,4,MEDIUM,28.761,42.394,27.897,285.0,258,99.052
23,ALB,9,2,SOFT,35.875554819720385,53.577,37.035,293.0,251,1438.117
10,GAS,2,1,MEDIUM,28.87,41.636,27.485,302.0,271,97.991
40,RESERVE,18,3,SOFT,34.996,48.807,51.091,261.0,129,134.894
1,VER,11,2,SOFT,52.697,67.325,33.776,147.0,142,153.798
24,ZHO,12,2,SOFT,40.652,61.788,50.098,168.0,117,152.538
22,TSU,16,4,SOFT,27.367,39.165,26.413,305.0,275,92.945
31,OCO,17,4,MEDIUM,73.607,46.364,31.499,239.0,243,151.47
2,SAR,7,3,SOFT,35.875554819720385,52.075,36.684,288.0,273,258.291
1,VER,14,4,SOFT,31.541,45.423,40.618,245.0,224,117.582
20,MAG,10,2,SOFT,46.947,71.413,50.492,128.0,121,168.852
63,RUS,7,2,HARD,52.787,72.257,43.231,124.0,145,168.275
24,ZHO,8,2,SOFT,27.319,39.339,26.6,309.0,277,93.258
81,PIA,6,1,MEDIUM,28.274,41.26,27.356,303.0,273,96.89
10,GAS,2,1,HARD,28.389,40.89,27.327,305.0,273,96.606
55,SAI,10,2,SOFT,35.875554819720385,54.494,32.386,260.0,246,782.742
2,SAR,2,1,SOFT,28.244,40.273,26.581,309.0,279,95.098
81,PIA,13,3,SOFT,65.618,62.726,37.893,252.0,221,166.237
77,BOT,12,2,SOFT,27.27,39.342,26.493,308.0,275,93.105
1,VER,21,3,HARD,32.714,48.787,51.223,282.0,231,132.724
18,STR,7,1,MEDIUM,32.113,42.262,40.318,285.0,256,114.693
44,HAM,13,5,SOFT,78.322,60.019,29.491,119.0,252,167.832
18,STR,8,2,SOFT,35.875554819720385,51.612,48.787,235.0,230,744.406
24,ZHO,11,2,SOFT,27.544,39.936,26.807,308.0,275,94.287
40,RESERVE,15,2,SOFT,27.937,40.354,27.174,252.29595222295953,273,95.465
2,SAR,18,4,HARD,29.349,42.519,28.186,292.0,265,100.054
63,RUS,5,1,MEDIUM,52.125,65.014,38.714,125.0,223,155.853
11,PER,16,2,SOFT,46.221,67.617,46.403,152.0,88,160.241
2,SAR,12,2,SOFT,28.028,48.939,53.064,309.0,232,130.031
14,ALO,8,3,SOFT,27.095,38.628,26.112,309.0,277,91.835
16,LEC,3,1,HARD,39.257,71.113,32.322,135.0,149,142.692
27,HUL,14,4,SOFT,26.943,38.875,26.176,313.0,280,91.994
18,STR,12,2,SOFT,27.235,53.305,41.759,309.0,103,122.299
24,ZHO,9,2,SOFT,39.261,56.55,48.855,249.0,137,144.666
24,ZHO,10,2,MEDIUM,35.875554819720385,48.589,30.873,269.0,250,850.951
77,BOT,9,1,MEDIUM,34.374,49.75,39.473,237.0,136,123.597
55,SAI,23,5,SOFT,51.839,47.975,40.642,290.0,188,140.456
16,LEC,2,1,MEDIUM,28.012,39.772,26.716,307.0,276,94.5
23,ALB,3,1,MEDIUM,40.527,55.583,38.214,151.0,250,134.324
77,BOT,25,3,SOFT,42.061,49.652,37.849,170.0,239,129.562
16,LEC,14,4,SOFT,27.391,38.732,25.889,311.0,279,92.012
22,TSU,14,3,SOFT,75.678,61.8,39.112,136.0,220,176.59
22,TSU,25,4,MEDIUM,29.09,42.213,27.742,288.0,259,99.045
40,RESERVE,4,1,HARD,41.57,63.758,48.054,212.0,233,153.382
27,HUL,17,3,HARD,29.032,42.762,28.339,288.0,260,100.133
1,VER,14,3,MEDIUM,29.018,41.897,31.127,288.0,256,102.042
63,RUS,24,5,HARD,41.445,56.383,49.466,143.0,238,147.294
40,RESERVE,20,3,SOFT,35.875554819720385,48.501,28.698,285.0,259,423.335
55,SAI,9,3,SOFT,35.875554819720385,51.079,39.751,282.0,251,2180.259
63,RUS,4,1,SOFT,48.418,64.124,31.499,237.0,215,144.041
31,OCO,5,1,MEDIUM,47.854,65.205,46.088,137.0,132,159.147
2,SAR,8,2,MEDIUM,32.56,52.96,38.031,239.0,247,123.551
77,BOT,25,3,MEDIUM,47.49,54.173,42.334,295.0,193,143.997
40,RESERVE,19,2,SOFT,33.068,46.406,36.272,275.0,251,115.746
81,PIA,19,4,MEDIUM,28.884,43.4,28.055,302.0,270,100.339
81,PIA,8,2,SOFT,27.342,39.293,27.082,313.0,279,93.717
63,RUS,16,3,MEDIUM,28.951,41.438,27.825,284.0,268,98.214
24,ZHO,7,1,HARD,38.396,53.138,34.848,268.0,199,126.382
1,VER,3,1,HARD,50.422,70.231,38.932,131.0,204,159.585
44,HAM,18,5,HARD,29.127,41.896,28.101,280.0,259,99.124
81,PIA,2,1,MEDIUM,28.251,40.383,27.137,304.0,273,95.771
16,LEC,16,5,MEDIUM,35.875554819720385,48.337,31.772,273.0,234,516.013
63,RUS,25,3,MEDIUM,62.362,55.911,45.21,262.0,238,163.483
4,NOR,8,2,SOFT,47.699,61.704,40.401,132.0,160,149.804
44,HAM,10,4,SOFT,35.875554819720385,57.774,41.121,170.0,238,631.001
24,ZHO,19,5,MEDIUM,29.119,42.135,28.158,252.29595222295953,253,99.412
81,PIA,15,4,MEDIUM,50.935,42.395,27.895,287.0,258,121.225
77,BOT,24,4,HARD,57.059,47.168,81.155,282.0,236,185.382
16,LEC,14,3,MEDIUM,28.377,40.842,27.268,291.0,264,96.487
14,ALO,23,4,MEDIUM,28.761,42.142,27.657,292.0,259,98.56
10,GAS,5,1,MEDIUM,46.232,67.435,43.716,124.0,136,157.383
22,TSU,12,2,SOFT,27.445,39.522,26.857,303.0,271,93.824
63,RUS,4,1,HARD,28.42,52.494,49.939,294.0,168,130.853
10,GAS,2,1,SOFT,27.26,39.321,26.073,306.0,277,92.654
55,SAI,7,1,MEDIUM,33.04,53.979,42.464,216.0,180,129.483
77,BOT,24,3,MEDIUM,36.837,52.239,43.435,233.0,190,132.511
20,MAG,4,1,HARD,28.526,41.142,27.981,306.0,273,97.649
81,PIA,2,1,SOFT,27.334,39.326,26.242,308.0,278,92.902
31,OCO,11,2,SOFT,27.436,39.265,26.278,305.0,275,92.979
18,STR,15,4,SOFT,27.497,40.211,27.043,305.0,273,94.751
27,HUL,7,2,SOFT,35.875554819720385,64.506,45.004,208.0,244,302.82
18,STR,20,4,SOFT,28.598,42.71,27.437,294.0,266,98.745
24,ZHO,25,3,HARD,56.727,47.001,42.265,279.0,212,145.993
27,HUL,10,2,SOFT,42.323,52.406,34.392,160.0,191,129.121
11,PER,22,3,SOFT,58.334,48.759,37.811,271.0,231,144.904
2,SAR,10,2,SOFT,39.65,61.716,34.766,219.0,249,136.132
18,STR,20,3,MEDIUM,28.874,41.924,27.666,292.0,262,98.464
22,TSU,18,4,MEDIUM,29.137,41.69,27.651,252.29595222295953,256,98.478
63,RUS,17,3,SOFT,33.502,51.482,39.289,193.0,243,124.273
40,RESERVE,19,3,MEDIUM,28.875,42.124,27.849,284.0,257,98.848
16,LEC,22,5,MEDIUM,28.789,41.962,27.721,289.0,260,98.472
16,LEC,12,3,MEDIUM,35.875554819720385,49.037,28.255,255.0,256,390.767
2,SAR,4,1,HARD,36.78,57.879,48.269,262.0,252,142.928
44,HAM,14,5,SOFT,27.183,39.18,26.263,308.0,276,92.626
18,STR,17,4,SOFT,39.004,53.918,33.025,269.0,227,125.947
55,SAI,12,4,SOFT,35.875554819720385,61.544,50.631,285.0,250,458.759
2,SAR,20,5,MEDIUM,29.195,43.563,28.182,292.0,263,100.94
1,VER,13,2,SOFT,32.915,46.498,37.375,232.0,194,116.788
24,ZHO,13,3,SOFT,67.976,50.826,36.402,241.0,229,155.204
20,MAG,3,1,MEDIUM,44.344,70.939,48.821,150.0,135,164.104
16,LEC,22,4,HARD,28.045,42.2,28.394,295.0,272,98.639
27,HUL,8,3,MEDIUM,57.534,53.954,35.637,308.0,165,147.125
24,ZHO,17,3,SOFT,31.306,50.672,38.823,269.0,246,120.801
18,STR,18,4,SOFT,27.475,40.326,26.767,307.0,274,94.568
22,TSU,19,3,SOFT,29.157,42.181,28.056,281.0,255,99.394
77,BOT,3,1,SOFT,39.898,58.946,40.414,191.0,163,139.258
20,MAG,9,2,SOFT,27.316,39.319,26.382,310.0,277,93.017
31,OCO,24,3,SOFT,55.249,43.39,36.472,289.0,258,135.111
14,ALO,17,3,SOFT,28.621,42.966,27.344,294.0,265,98.931
23,ALB,2,1,SOFT,27.696,40.106,26.796,308.0,277,94.598
44,HAM,3,1,HARD,48.803,81.749,42.042,120.0,117,172.594
22,TSU,7,1,MEDIUM,51.592,67.99,32.426,126.0,149,152.008
10,GAS,24,3,HARD,60.384,44.74,36.973,290.0,258,142.097
77,BOT,4,1,HARD,27.858,40.18,27.575,303.0,273,95.613
1,VER,23,3,MEDIUM,91.03,59.567,43.649,150.0,147,194.246
31,OCO,16,6,SOFT,35.875554819720385,56.105,58.755,283.0,251,260.987
16,LEC,20,4,SOFT,51.879,68.147,53.57,131.0,131,173.596
24,ZHO,2,1,MEDIUM,28.671,41.205,27.764,302.0,272,97.64
55,SAI,15,4,MEDIUM,29.103,41.731,27.946,285.0,257,98.78
1,VER,21,6,SOFT,57.118,48.484,38.936,205.0,183,144.538
1,VER,15,4,SOFT,50.404,67.962,52.506,142.0,130,170.872
81,PIA,7,1,MEDIUM,42.409,67.17,46.677,202.0,184,156.256
2,SAR,5,1,HARD,28.424,42.443,27.793,308.0,275,98.66
1,VER,13,3,MEDIUM,35.875554819720385,44.321,28.497,265.0,248,534.525
44,HAM,20,5,HARD,38.783,51.976,44.573,175.0,174,135.332
14,ALO,13,5,SOFT,27.099,39.016,26.053,307.0,277,92.168
63,RUS,23,5,HARD,28.899,42.253,27.884,281.0,260,99.036
4,NOR,9,2,MEDIUM,27.702,40.208,26.866,303.0,273,94.776
31,OCO,6,1,MEDIUM,45.467,65.74,44.894,142.0,155,156.101
4,NOR,20,4,HARD,28.534,41.746,27.968,288.0,271,98.248
16,LEC,5,1,SOFT,27.052,39.068,26.286,314.0,281,92.406
10,GAS,3,1,MEDIUM,28.2,40.642,26.945,304.0,271,95.787
1,VER,7,3,MEDIUM,35.875554819720385,48.226,28.032,277.0,255,526.624
14,ALO,10,2,SOFT,27.532,39.246,26.273,306.0,275,93.051
2,SAR,26,5,MEDIUM,29.106,43.02,28.182,294.0,263,100.308
14,ALO,23,4,SOFT,28.693,41.222,27.476,282.0,264,97.391
24,ZHO,8,1,HARD,28.539,41.323,27.586,301.0,271,97.448
4,NOR,14,4,SOFT,39.729,54.098,39.839,211.0,227,133.666
40,RESERVE,8,3,SOFT,27.328,38.742,26.145,308.0,277,92.215
24,ZHO,21,3,HARD,29.472,48.688,28.995,280.0,255,107.155
63,RUS,17,3,MEDIUM,28.774,53.904,29.17,285.0,117,111.848
77,BOT,3,1,MEDIUM,40.847,58.96,36.406,246.0,235,136.213
31,OCO,7,1,MEDIUM,50.167,70.943,43.651,120.0,92,164.761
23,ALB,14,5,SOFT,34.361,55.067,46.899,268.0,163,136.327
16,LEC,23,5,SOFT,27.208,39.453,26.972,313.0,280,93.633
40,RESERVE,10,4,SOFT,35.875554819720385,58.668,37.167,217.0,229,2093.687
18,STR,7,2,HARD,28.102,41.011,27.299,304.0,272,96.412
18,STR,4,1,MEDIUM,27.687,39.968,26.919,309.0,276,94.574
10,GAS,17,3,HARD,29.002,42.014,27.856,284.0,258,98.872
55,SAI,18,4,MEDIUM,28.89,41.542,27.801,284.0,255,98.233
14,ALO,9,2,SOFT,35.875554819720385,57.028,42.386,141.0,250,771.029
4,NOR,3,1,MEDIUM,38.037,61.86,38.685,205.0,128,138.582
55,SAI,11,3,MEDIUM,28.708,41.068,27.326,287.0,262,97.102
4,NOR,14,3,SOFT,35.953,61.113,39.8,164.0,135,136.866
23,ALB,4,1,HARD,27.82,40.589,27.149,308.0,276,95.558
14,ALO,13,3,SOFT,27.347,39.537,26.306,309.0,276,93.19
1,VER,5,1,HARD,49.754,68.102,42.962,128.0,168,160.818
24,ZHO,5,1,HARD,44.522,57.995,36.172,123.0,239,138.689
18,STR,22,5,SOFT,33.379,46.603,47.127,237.0,222,127.109
40,RESERVE,7,1,HARD,28.651,41.67,28.014,304.0,273,98.335
16,LEC,3,1,SOFT,44.509,67.125,48.875,156.0,114,160.509
10,GAS,18,3,MEDIUM,33.121,46.728,39.582,237.0,236,119.431
31,OCO,4,1,HARD,27.913,40.525,27.144,306.0,273,95.582
40,RESERVE,12,3,SOFT,43.819,57.462,45.765,243.0,238,147.046
24,ZHO,5,1,MEDIUM,38.676,58.871,36.535,232.0,228,134.082
2,SAR,23,4,HARD,34.171,60.973,53.398,221.0,149,148.542
22,TSU,23,4,MEDIUM,28.921,42.01,27.812,289.0,258,98.743
31,OCO,17,3,HARD,29.232,42.217,27.969,280.0,253,99.418
18,STR,6,1,MEDIUM,28.244,40.534,27.032,292.0,266,95.81
4,NOR,21,4,HARD,28.681,42.397,30.158,310.0,270,101.236
27,HUL,13,2,SOFT,27.795,40.243,26.947,303.0,272,94.985
40,RESERVE,4,2,SOFT,70.636,57.969,48.645,164.0,223,177.25
4,NOR,10,3,SOFT,26.973,39.106,26.224,310.0,277,92.303
77,BOT,2,1,MEDIUM,29.095,42.086,28.127,300.0,271,99.308
24,ZHO,3,1,MEDIUM,36.953,58.42,49.401,215.0,150,144.774
10,GAS,10,1,MEDIUM,37.818,44.211,39.458,231.0,252,121.487
2,SAR,23,5,MEDIUM,29.134,42.912,28.314,252.29595222295953,264,100.36
81,PIA,14,4,SOFT,27.228,39.688,26.345,308.0,275,93.261
77,BOT,20,3,SOFT,27.523,39.446,26.588,307.0,275,93.557
18,STR,19,4,SOFT,31.319,45.179,35.565,248.0,237,112.063
16,LEC,21,5,SOFT,65.079,61.443,33.835,191.0,192,160.357
24,ZHO,7,1,MEDIUM,44.413,62.596,33.724,258.0,202,140.733
77,BOT,17,2,SOFT,29.16,42.538,27.732,282.0,259,99.43
10,GAS,19,3,HARD,35.875554819720385,42.131,27.87,252.29595222295953,256,99.096
24,ZHO,10,2,SOFT,35.875554819720385,51.22,36.279,247.0,195,720.613
81,PIA,22,4,MEDIUM,69.161,50.991,39.688,199.0,223,159.84
4,NOR,19,4,SOFT,28.67,41.748,27.686,284.0,260,98.104
77,BOT,21,4,HARD,29.331,42.232,28.483,282.0,254,100.046
11,PER,5,1,SOFT,27.311,39.041,78.802,310.0,278,145.154
23,ALB,10,4,SOFT,35.875554819720385,52.272,40.99,306.0,275,435.511
63,RUS,11,2,HARD,27.881,40.225,26.899,302.0,275,95.005
27,HUL,19,3,HARD,29.213,42.566,28.315,287.0,260,100.094
55,SAI,14,4,SOFT,34.75,50.534,41.602,230.0,180,126.886
4,NOR,9,2,SOFT,47.014,60.547,48.355,152.0,143,155.916
81,PIA,9,1,MEDIUM,37.822,62.218,45.154,187.0,214,145.194
31,OCO,19,4,MEDIUM,55.815,44.851,37.312,292.0,260,137.978
31,OCO,18,2,SOFT,35.706,54.084,42.763,199.0,198,132.553
22,TSU,24,3,SOFT,34.517,50.085,37.156,246.0,237,121.758
18,STR,18,4,SOFT,27.511,39.615,26.645,309.0,276,93.771
10,GAS,21,3,HARD,29.07,42.232,27.921,284.0,256,99.223
14,ALO,20,4,SOFT,27.495,39.841,26.638,306.0,273,93.974
2,SAR,24,5,MEDIUM,29.155,43.016,28.357,252.29595222295953,264,100.528
20,MAG,22,3,HARD,29.539,44.561,36.611,252.29595222295953,198,110.711
44,HAM,12,4,MEDIUM,35.875554819720385,44.561,32.544,265.0,246,489.188
18,STR,10,2,SOFT,47.51,61.752,49.75,227.0,213,159.012
23,ALB,15,5,SOFT,53.207,49.472,35.319746606334846,274.0,242,226.024
11,PER,9,1,HARD,27.959,40.432,26.945,308.0,274,95.336
4,NOR,10,2,MEDIUM,35.028,48.059,38.987,199.0,198,122.074
77,BOT,9,2,SOFT,29.372,42.274,28.136,274.0,252,99.782
31,OCO,16,3,MEDIUM,35.875554819720385,51.024,41.863,178.0,245,489.037
14,ALO,19,4,MEDIUM,28.957,41.79,27.682,292.0,262,98.429
77,BOT,17,3,MEDIUM,35.875554819720385,48.003,31.393,242.0,241,524.444
2,SAR,8,3,SOFT,27.263,39.523,26.466,311.0,279,93.252
77,BOT,15,2,MEDIUM,27.835,40.343,27.021,302.0,273,95.199
24,ZHO,8,3,SOFT,29.662,42.162,28.283,279.0,256,100.107
11,PER,18,5,SOFT,42.573,68.27,32.689,146.0,132,143.532
63,RUS,11,2,SOFT,27.05,39.044,26.27,307.0,277,92.364
14,ALO,22,4,SOFT,28.581,41.582,27.66,290.0,264,97.823
63,RUS,8,1,SOFT,27.347,39.111,26.425,304.0,274,92.883
81,PIA,3,1,MEDIUM,46.974,73.481,49.626,80.0,127,170.081
31,OCO,15,3,HARD,29.061,42.387,28.003,281.0,255,99.451
11,PER,9,1,MEDIUM,32.699,47.932,37.697,264.0,227,118.328
27,HUL,19,4,MEDIUM,29.338,42.635,28.129,282.0,255,100.102
63,RUS,11,4,SOFT,27.224,59.263,45.47,306.0,170,131.957
55,SAI,13,3,MEDIUM,28.408,40.914,27.084,285.0,260,96.406
31,OCO,13,2,SOFT,35.49,47.261,38.344,199.0,242,121.095
10,GAS,15,3,SOFT,44.402,56.433,37.787,150.0,210,138.622
4,NOR,4,1,HARD,27.35,40.219,26.971,310.0,272,94.54
11,PER,6,2,MEDIUM,44.269,47.095,37.855,222.0,248,129.219
4,NOR,12,3,SOFT,35.875554819720385,42.17,27.838,276.0,259,537.115
55,SAI,13,2,SOFT,41.999,68.367,50.315,172.0,134,160.681
10,GAS,6,1,MEDIUM,41.047,53.098,34.807,211.0,244,128.952
16,LEC,11,3,SOFT,27.171,38.786,26.193,311.0,280,92.15
1,VER,22,3,MEDIUM,38.072,57.699,49.28,164.0,141,145.051
10,GAS,18,3,SOFT,32.69,44.663,37.571,219.0,253,114.924
11,PER,15,3,SOFT,30.736,43.594,36.331,282.0,242,110.661
81,PIA,10,3,SOFT,35.875554819720385,48.652,31.847,287.0,254,367.713
23,ALB,9,3,SOFT,27.296,39.696,26.378,306.0,276,93.37
20,MAG,14,4,SOFT,27.026,38.757,26.109,312.0,279,91.892
4,NOR,11,2,SOFT,35.469,48.484,40.18,199.0,203,124.133
63,RUS,10,2,HARD,43.591,56.423,34.79,276.0,242,134.804
2,SAR,3,1,SOFT,29.402,42.227,36.358,283.0,255,107.987
16,LEC,12,3,SOFT,33.689,46.467,39.529,265.0,223,119.685
31,OCO,7,3,SOFT,35.875554819720385,57.395,38.661,277.0,244,2132.904
55,SAI,8,2,SOFT,35.875554819720385,55.972,38.129,260.0,240,579.446
23,ALB,16,4,MEDIUM,28.494,42.245,27.645,293.0,267,98.384
20,MAG,15,3,HARD,28.963,42.139,28.314,280.0,255,99.416
27,HUL,14,4,SOFT,47.416,62.007,31.995,171.0,240,141.418
55,SAI,11,2,SOFT,42.724,78.08,48.315,125.0,212,169.119
24,ZHO,4,1,MEDIUM,28.144,40.556,27.204,303.0,273,95.904
55,SAI,3,1,HARD,32.525,60.63,44.389,214.0,162,137.544
16,LEC,15,4,SOFT,38.453,47.75,39.575,227.0,225,125.778
11,PER,2,1,MEDIUM,27.98,40.396,26.857,307.0,277,95.233
63,RUS,15,3,MEDIUM,35.875554819720385,42.834,29.771,281.0,258,460.311
1,VER,4,1,HARD,28.453,40.888,27.08,306.0,274,96.421
10,GAS,6,2,SOFT,44.849,64.773,50.544,145.0,190,160.166
18,STR,5,2,HARD,28.551,41.741,27.795,293.0,263,98.087
63,RUS,7,3,SOFT,35.875554819720385,49.996,31.054,280.0,251,2247.68
40,RESERVE,6,1,MEDIUM,60.126,57.033,33.695,139.0,240,150.854
27,HUL,9,3,SOFT,45.943,62.626,44.199,133.0,163,152.768
55,SAI,17,4,SOFT,39.477,57.541,55.395,188.0,148,152.413
40,RESERVE,16,2,SOFT,47.916,64.64,43.628,158.0,156,156.184
22,TSU,10,2,MEDIUM,59.178,48.043,40.9,276.0,261,148.121
18,STR,17,3,MEDIUM,28.754,41.802,27.646,289.0,261,98.202
63,RUS,21,3,MEDIUM,28.887,42.066,27.623,290.0,263,98.576
2,SAR,8,1,HARD,44.057,73.895,45.725,219.0,203,163.677
22,TSU,2,1,MEDIUM,28.209,40.627,27.181,303.0,273,96.017
11,PER,2,1,MEDIUM,27.98,40.101,27.026,307.0,273,95.107
16,LEC,17,3,SOFT,78.905,60.193,41.097,127.0,238,180.195
81,PIA,16,4,MEDIUM,35.875554819720385,43.224,28.016,288.0,260,824.728
20,MAG,8,2,SOFT,35.875554819720385,59.391,32.283,177.0,237,855.178
22,TSU,6,2,SOFT,34.276,62.726,51.285,250.0,125,148.287
20,MAG,4,1,MEDIUM,47.185,62.855,32.725,214.0,176,142.765
22,TSU,11,2,SOFT,27.531,57.599,37.013,302.0,135,122.143
11,PER,4,1,SOFT,44.739,59.583,43.187,166.0,243,147.509
23,ALB,12,4,SOFT,27.445,39.912,48.749,308.0,276,116.106
4,NOR,16,3,SOFT,28.599,41.736,27.559,289.0,262,97.894
44,HAM,13,4,SOFT,77.635,75.161,38.421,145.0,152,191.217
14,ALO,6,1,HARD,38.936,52.534,41.012,194.0,223,132.482
11,PER,11,2,SOFT,35.875554819720385,67.807,43.853,264.0,221,738.147
14,ALO,5,1,HARD,28.317,41.25,27.377,306.0,274,96.944
14,ALO,15,4,MEDIUM,58.898,45.753,31.457,289.0,244,136.108
77,BOT,19,4,HARD,29.075,42.028,27.703,284.0,257,98.806
20,MAG,7,2,SOFT,35.875554819720385,65.261,39.45,174.0,233,247.483
40,RESERVE,27,3,SOFT,68.695,51.302,39.833,244.0,250,159.83
63,RUS,12,5,SOFT,35.875554819720385,53.615,37.959,275.0,248,586.366
81,PIA,5,1,HARD,41.634,56.703,39.661,206.0,221,137.998
14,ALO,15,6,SOFT,35.875554819720385,65.088,39.381,189.0,258,270.006
63,RUS,4,1,MEDIUM,27.697,40.092,26.733,303.0,273,94.522
44,HAM,4,2,SOFT,35.875554819720385,47.97,68.775,257.0,260,490.04
20,MAG,11,2,SOFT,55.425,73.93,37.007,124.0,218,166.362
55,SAI,7,1,HARD,51.932,72.19,41.846,142.0,122,165.968
20,MAG,10,2,SOFT,55.019,81.742,58.078,107.0,105,194.839
55,SAI,16,5,SOFT,26.881,38.477,25.812,313.0,280,91.17
24,ZHO,9,1,MEDIUM,32.077,45.812,38.499,269.0,247,116.388
22,TSU,22,4,MEDIUM,28.985,42.123,27.822,285.0,256,98.93
77,BOT,15,4,HARD,63.96,43.106,28.278,279.0,254,135.344
4,NOR,15,3,SOFT,28.723,42.013,27.605,252.29595222295953,260,98.341
27,HUL,22,3,HARD,50.982,47.256,38.889,245.0,198,137.127
1,VER,16,3,MEDIUM,29.257,41.777,31.845,281.0,251,102.879
2,SAR,4,1,SOFT,35.641,60.439,49.489,270.0,254,145.569
27,HUL,2,1,SOFT,27.39,39.689,26.629,312.0,280,93.708
24,ZHO,11,3,SOFT,33.265,44.027,31.261,252.29595222295953,257,108.553
27,HUL,8,3,SOFT,27.322,39.358,26.482,310.0,277,93.162
20,MAG,23,3,HARD,52.476,59.216,40.757,286.0,179,152.449
44,HAM,23,4,MEDIUM,56.561,45.874,37.075,257.0,208,139.51
18,STR,25,3,MEDIUM,59.544,44.42,40.598,302.0,205,144.562
81,PIA,21,4,MEDIUM,32.295,57.475,48.828,229.0,203,138.598
31,OCO,3,1,MEDIUM,46.531,69.607,41.416,145.0,156,157.554
77,BOT,21,3,SOFT,40.54,69.428,48.878,167.0,109,158.846
77,BOT,13,2,SOFT,29.193,42.259,27.945,282.0,258,99.397
22,TSU,9,1,MEDIUM,33.089,56.289,39.189,246.0,186,128.567
24,ZHO,21,5,MEDIUM,29.283,42.998,28.476,252.29595222295953,254,100.757
44,HAM,11,3,SOFT,27.545,39.941,26.669,305.0,274,94.155
44,HAM,5,2,MEDIUM,27.804,39.689,26.568,305.0,273,94.061
31,OCO,2,1,HARD,28.115,40.945,27.473,305.0,272,96.533
24,ZHO,5,1,SOFT,27.491,39.719,26.605,308.0,278,93.815
20,MAG,9,2,SOFT,27.883,39.938,27.185,302.0,273,95.006
20,MAG,6,1,MEDIUM,27.479,39.809,26.722,312.0,278,94.01
16,LEC,19,4,SOFT,27.018,38.884,26.479,313.0,280,92.381
31,OCO,4,2,SOFT,35.875554819720385,60.443,45.183,182.0,229,320.91
10,GAS,12,4,SOFT,36.482,53.005,84.748,253.0,188,174.235
1,VER,2,1,MEDIUM,27.936,40.383,26.747,308.0,274,95.066
14,ALO,10,2,SOFT,46.053,59.69,44.16,157.0,212,149.903
24,ZHO,17,5,MEDIUM,54.488,43.426,28.317,277.0,253,126.231
1,VER,12,2,SOFT,27.508,39.544,26.424,306.0,273,93.476
1,VER,19,3,MEDIUM,28.919,41.868,27.792,284.0,253,98.579
55,SAI,9,2,SOFT,27.051,38.945,26.124,311.0,278,92.12
16,LEC,24,4,HARD,36.085,57.24,48.223,179.0,145,141.548
81,PIA,10,2,SOFT,35.875554819720385,50.05,31.303,247.0,248,640.731
55,SAI,14,3,MEDIUM,28.294,40.867,35.869,252.29595222295953,261,105.03
14,ALO,4,1,HARD,39.617,69.859,41.947,211.0,245,151.423
16,LEC,14,4,SOFT,27.048,54.428,49.262,312.0,113,130.738
11,PER,10,3,MEDIUM,48.044,69.62,39.691,146.0,221,157.355
18,STR,24,3,MEDIUM,36.515,52.505,47.723,172.0,156,136.743
16,LEC,8,1,HARD,27.996,40.569,27.264,307.0,275,95.829
18,STR,16,3,SOFT,44.925,62.046,43.57,211.0,187,150.541
77,BOT,7,2,SOFT,35.875554819720385,45.252,29.102,276.0,253,420.285
40,RESERVE,13,5,SOFT,35.875554819720385,57.005,58.014,217.0,222,396.074
10,GAS,11,4,SOFT,27.178,39.074,26.022,307.0,277,92.274
18,STR,5,1,MEDIUM,55.233,59.5,48.108,105.0,248,162.841
44,HAM,2,1,MEDIUM,28.109,40.027,26.626,304.0,273,94.762
14,ALO,20,4,MEDIUM,28.85,41.599,27.666,288.0,256,98.115
4,NOR,7,2,SOFT,35.875554819720385,49.995,45.682,275.0,265,285.237
40,RESERVE,17,6,SOFT,27.376,39.092,26.343,306.0,276,92.811
31,OCO,5,1,MEDIUM,27.823,40.064,26.769,306.0,275,94.656
4,NOR,14,3,SOFT,32.75,47.745,38.088,227.0,181,118.583
11,PER,18,4,MEDIUM,28.954,41.804,27.67,252.29595222295953,256,98.428
23,ALB,6,1,SOFT,37.689,55.94,47.613,267.0,246,141.242
10,GAS,12,2,SOFT,53.383,78.526,58.531,120.0,107,190.44
40,RESERVE,22,3,SOFT,29.327,43.272,28.242,284.0,257,100.841
2,SAR,25,5,MEDIUM,29.149,42.886,28.185,292.0,264,100.22
81,PIA,6,1,MEDIUM,27.735,40.244,26.973,306.0,272,94.952
20,MAG,11,3,SOFT,27.184,38.776,26.21,312.0,279,92.17
24,ZHO,20,5,MEDIUM,29.046,42.208,28.035,282.0,256,99.289
55,SAI,3,1,MEDIUM,57.205,78.211,41.683,120.0,151,177.099
10,GAS,13,2,SOFT,49.449,56.262,31.995,260.0,248,137.706
20,MAG,16,3,HARD,29.023,42.799,28.418,283.0,257,100.24
24,ZHO,21,5,SOFT,64.068,53.718,33.099,255.0,238,150.885
63,RUS,3,1,SOFT,42.522,58.161,84.331,210.0,241,185.014
81,PIA,23,4,MEDIUM,53.338,43.956,36.392,286.0,250,133.686
23,ALB,6,1,MEDIUM,28.034,40.986,27.393,307.0,276,96.413
24,ZHO,18,4,SOFT,35.875554819720385,55.221,31.938,275.0,254,863.749
24,ZHO,7,2,SOFT,35.875554819720385,50.294,44.256,290.0,200,241.302
81,PIA,3,1,SOFT,42.014,63.86,49.027,166.0,165,154.901
44,HAM,15,4,SOFT,33.228,47.084,43.016,253.0,249,123.328
24,ZHO,16,3,SOFT,29.353,42.701,27.994,287.0,258,100.048
4,NOR,16,4,SOFT,35.875554819720385,43.021,27.568,274.0,260,574.053
24,ZHO,19,3,HARD,29.477,42.855,28.378,282.0,257,100.71
16,LEC,13,4,SOFT,69.257,58.964,46.214,127.0,221,174.435
16,LEC,23,4,HARD,28.553,41.417,27.447,286.0,263,97.417
44,HAM,16,5,HARD,35.875554819720385,44.817,29.603,267.0,242,514.116
